Date,Time,Current Temp (°C),Min Temp (°C),Max Temp (°C),Checker Initials,Comments
2026-01-01,08:30,4.2,3.8,4.5,CN,Ok
2026-01-01,17:45,4.5,4.0,4.8,GC,Ok - Reset Min/Max
2026-01-02,08:15,3.9,3.8,4.1,CN,Ok
2026-01-02,18:00,4.1,3.9,4.4,AM,Ok - Reset Min/Max
2026-01-03,08:20,4.0,3.9,4.2,CN,Ok
2026-01-03,17:50,5.8,4.0,6.1,GC,High traffic day.
2026-01-04,08:30,4.2,4.0,4.5,CN,Ok
2026-01-04,17:45,4.3,4.1,4.6,GC,Ok
2026-01-05,08:15,3.8,3.5,4.0,CN,Lower end but safe.
2026-01-05,17:55,4.0,3.8,4.2,GC,Ok
2026-01-06,09:00,4.1,4.0,4.3,CN,Weekend Check
2026-01-07,09:00,4.2,4.1,4.3,CN,Weekend Check
2026-01-08,08:00,7.9,4.0,8.1,CN,Warning: Near upper limit. Resettled.
2026-01-08,18:00,4.5,4.2,5.5,GC,Ok
